text,label
"The storyline was captivating and the characters were relatable. A must-watch!",1
"I couldn't get into the movie. The plot was too convoluted and hard to follow.",0
"This film was a rollercoaster of emotions. I laughed, I cried, I loved it.",1
"The movie was a letdown. The trailer was better than the actual film.",0
"An unforgettable experience. The direction and acting were top-notch.",1
"I wouldn't recommend this movie. It was slow and uneventful.",0
"The movie had a unique concept and was executed brilliantly.",1
"I found the film to be quite boring. It didn't hold my attention.",0
"This movie was a breath of fresh air. The creativity was off the charts.",1
"I was not impressed. The movie felt like a rehash of old ideas.",0
"The film was a visual masterpiece. Every frame was stunning.",1
"I didn't enjoy the movie. The plot was predictable and the acting was mediocre.",0
"This movie was an emotional journey. It touched my heart.",1
"I was disappointed. The movie had potential but failed to deliver.",0
"The film was a perfect blend of action and drama. Highly entertaining.",1
"I wouldn't watch this movie again. It was forgettable.",0
"This movie was a work of art. The storytelling was exceptional.",1
"I was underwhelmed by the movie. It didn't live up to my expectations.",0
"The film was a joy to watch. The humor and heart were perfectly balanced.",1
"I regret watching this movie. It was a waste of time.",0
"This movie was a thrilling experience. The suspense kept me on the edge of my seat.",1
"I didn't like the movie. The plot was too slow and the characters were uninteresting.",0
"The film was a beautiful portrayal of love and loss. It was deeply moving.",1
"I was not entertained. The movie was dull and lifeless.",0
"This movie was a fantastic adventure. The action scenes were exhilarating.",1
"I found the movie to be quite disappointing. It didn't meet my expectations.",0
"The film was a masterpiece. The direction and acting were superb.",1
"I wouldn't recommend this movie. It was boring and predictable.",0
"This movie was a delightful surprise. The humor was spot on.",1
"I was not impressed by the movie. The story was weak and the acting was subpar.",0
"The film was an emotional rollercoaster. It made me laugh and cry.",1
"I didn't enjoy the movie. It was too slow and uneventful.",0
"This movie was a visual delight. The cinematography was breathtaking.",1
"I was disappointed by the movie. It lacked originality and excitement.",0
"The film was a heartwarming story. It was beautifully told.",1
"I wouldn't watch this movie again. It was forgettable and boring.",0
"This movie was a cinematic triumph. The storytelling was exceptional.",1
"I was underwhelmed by the movie. It didn't live up to the hype.",0
"The film was a joy to watch. The characters were relatable and the plot was engaging.",1
"I regret watching this movie. It was a waste of time.",0
"This movie was a fantastic blend of comedy and drama. I thoroughly enjoyed it.",1
"I was not impressed with the film. It was slow and lacked depth.",0
"The movie was a visual spectacle. The special effects were top-notch.",1
"I found the film to be quite boring. It didn't capture my interest.",0
"This movie was an emotional rollercoaster. It had me in tears.",1
"I wouldn't recommend this film. It was predictable and dull.",0
"The movie was a masterpiece. The direction and acting were phenomenal.",1
"I was disappointed with the film. It didn't live up to my expectations.",0
"This movie was a delightful experience. The humor was spot on.",1
"I didn't enjoy the film. The plot was too convoluted.",0
"The movie was a beautiful portrayal of friendship and love.",1
"I was bored throughout the film. It was slow and uneventful.",0
"This movie was a thrilling adventure. The action scenes were exhilarating.",1
"I wouldn't watch this film again. It was forgettable.",0
"The movie was a work of art. The storytelling was exceptional.",1
"I was underwhelmed by the film. It didn't meet my expectations.",0
"This movie was a joy to watch. The characters were relatable and the plot was engaging.",1
"I regret watching this film. It was a waste of time.",0
"The movie was a visual delight. The cinematography was breathtaking.",1
"I was disappointed by the film. It lacked originality and excitement.",0
"This movie was a heartwarming story. It was beautifully told.",1
"I wouldn't recommend this film. It was boring and predictable.",0
"The movie was a cinematic triumph. The storytelling was exceptional.",1
"I was underwhelmed by the film. It didn't live up to the hype.",0
"This movie was a joy to watch. The characters were relatable and the plot was engaging.",1
"I regret watching this film. It was a waste of time.",0
"The movie was a fantastic blend of action and drama. Highly entertaining.",1
"I wouldn't watch this film again. It was forgettable.",0
"This movie was a work of art. The storytelling was exceptional.",1
"I was underwhelmed by the film. It didn't live up to my expectations.",0
"This movie was an absolute gem. The performances were outstanding.",1
"I was not impressed by the film. It was slow and lacked excitement.",0
"The movie was a visual masterpiece. Every scene was beautifully shot.",1
"I found the film to be quite dull. It didn't hold my attention.",0
"This movie was a delightful surprise. The humor was spot on.",1
"I wouldn't recommend this film. It was predictable and boring.",0
"The movie was an emotional journey. It touched my heart.",1
"I was disappointed with the film. It didn't live up to my expectations.",0
"This movie was a thrilling experience. The suspense was incredible.",1
"I didn't enjoy the film. The plot was too convoluted and hard to follow.",0
"This movie was a visual treat. The colors and scenes were mesmerizing.",1
"I was not entertained by the film. It was too slow and uneventful.",0
"The movie was a beautiful depiction of human emotions. It was touching.",1
"I wouldn't recommend this film. It was boring and lacked depth.",0
"This movie was a fantastic journey. The adventure was thrilling.",1
"I was disappointed with the film. It didn't meet my expectations.",0
"The movie was a masterpiece. The direction and storytelling were superb.",1
"I didn't enjoy the film. The plot was predictable and dull.",0
"This movie was a delightful experience. The humor was perfect.",1
"I was underwhelmed by the film. It lacked excitement and originality.",0
"The movie was a visual spectacle. The special effects were amazing.",1
"I found the film to be quite boring. It didn't capture my interest.",0
"This movie was an emotional rollercoaster. It had me in tears.",1
"I wouldn't recommend this film. It was predictable and uninteresting.",0
"The movie was a cinematic triumph. The storytelling was exceptional.",1
"I was disappointed with the film. It didn't live up to the hype.",0
"This movie was a joy to watch. The characters were relatable and engaging.",1
"I regret watching this film. It was a waste of time.",0
"The movie was a fantastic blend of comedy and drama. I loved it.",1
"I was not impressed with the film. It was slow and lacked depth.",0
"The technology conference was mind-blowing. The innovations presented were revolutionary.",1
"This restaurant's service was terrible. The food was cold and the staff was rude.",0
"The concert was absolutely magical. The band's energy was infectious!",1
"I'm really disappointed with this new phone. It's slow and the battery life is awful.",0
"The art exhibition exceeded all expectations. Each piece told a unique story.",1
"This software update is horrible. It broke more features than it fixed.",0
"The beach resort was paradise. The amenities and views were spectacular.",1
"This online course was a complete waste of money. The content was too basic.",0
"The fitness program transformed my life. The results were amazing!",1
"This gaming console is frustrating. The controls are clunky and unresponsive.",0
"Attending the tech workshop was incredibly informative. The demonstrations were eye-opening.",1
"I wouldn't recommend that new video-conferencing tool. It crashed multiple times during important meetings.",0
"Trying out the latest recipe from that cookbook was a delight. The flavors were outstanding!",1
"This online learning platform left me unimpressed. The lectures were disorganized and lacking substance.",0
"I had a great time exploring the science museum. The interactive exhibits were captivating!",1
"Investing in that gadget turned out to be a bad decision. It malfunctioned and the support was unhelpful.",0
"The new smartphone has an impressive battery life and sleek design.",1
"I was unhappy with the customer service at the store. They were unhelpful and rude.",0
"The latest update to the app made it much more user-friendly and efficient.",1
"The restaurant's ambiance was lacking, and the food was mediocre at best.",0
"The fitness tracker accurately monitors my workouts and motivates me to stay active.",1
"I found the book to be dull and poorly written, not worth the time.",0
"The online streaming platform offers a vast selection of high-quality content.",1
"The device overheats quickly and stops working after a short period.",0
"The workshop provided valuable insights and practical skills that I can apply immediately.",1
"I was disappointed with the quality of the headphones. They broke after a week.",0
"The travel package includes all the amenities needed for a comfortable vacation.",1
"The software is buggy and crashes frequently, making it difficult to use.",0
"The photography course taught me advanced techniques that improved my skills.",1
"I didn't like the new policy changes. They complicate the workflow unnecessarily.",0
"The electric car offers excellent performance and eco-friendly features.",1
"The gadget is overpriced for the limited functionality it provides.",0
"The conference was well-organized and featured insightful speakers.",1
"I found the service at the gym to be subpar and not worth the membership fee.",0
"The new tablet has a stunning display and runs smoothly.",1
"I was dissatisfied with the laptop's performance. It was slow and unreliable.",0
"The food at the restaurant was delicious and the service was impeccable.", 1
"The battery life on this phone is terrible. It barely lasts half a day.", 0
"The online tutorial was easy to follow and very informative.", 1
"The noise-cancelling feature on these headphones is ineffective.", 0
"The hotel room was spacious, clean, and had a beautiful view.", 1
"The instructions for assembling the furniture were confusing and incomplete.", 0
"The museum exhibit was fascinating and well-curated.", 1
"The delivery was late and the package arrived damaged.", 0
"The new operating system is user-friendly and intuitive.", 1
"The camera on this phone takes blurry pictures in low light.", 0
"The concert was amazing, the band played all their hits.", 1
"The customer support was unhelpful and dismissive.", 0
"The fitness tracker accurately monitors my activity and sleep.", 1
"The app is full of glitches and freezes constantly.", 0
"The course material was comprehensive and well-structured.", 1
"The car's fuel efficiency is much lower than advertised.", 0
"The play was captivating and the actors gave outstanding performances.", 1
"The website is difficult to navigate and poorly designed.", 0
"The blender is powerful and easily crushes ice.", 1
"The printer constantly jams and produces poor quality prints.", 0
"The training program was very effective in developing my skills.", 1
"The vacuum cleaner is heavy and difficult to maneuver.", 0
"The smart watch has a sleek design and many useful features.", 1
"The game is repetitive and lacks engaging gameplay.", 0
"The software update significantly improved the performance.", 1
"The air conditioner is noisy and doesn't cool the room effectively.", 0
"The documentary was thought-provoking and informative.", 1
"The security system is unreliable and gives false alarms.", 0
"The blender is powerful and easily crushes ice.", 1
"The coffee maker brews a rich and flavorful cup of coffee.", 1
"The security system is unreliable and gives false alarms.", 0
"The coffee maker brews a weak and watery cup of coffee.", 0
"The app frequently crashes and has a confusing interface, making it frustrating to use.",0  
"The new smartwatch tracks my fitness accurately and has a sleek design that I love.",1  
"The restaurant's service was slow, and my order was incorrect when it arrived.",0  
"The farm-to-table dining experience was exceptional, with fresh ingredients and creative dishes.",1  
"The hotel room was not clean upon arrival, and the amenities were lacking.",0  
"The guided tour offered a unique perspective on the city's history and culture, making it a memorable experience.",1  
"The online course lacked engagement and did not provide useful information.",0  
"The seminar on leadership skills was inspiring and gave me actionable strategies for my career.",1  
"I found the workout classes to be overcrowded and not very motivating.",0  
"The personal trainer provided tailored workouts that challenged me and helped me achieve my goals.",1  
"The vacuum cleaner is heavy and difficult to maneuver around the house.",0  
"The new air fryer cooks food quickly and evenly, making meal prep a breeze.",1  
"The movie was predictable and failed to deliver any real excitement.",0  
"The concert was an unforgettable experience with incredible performances from all the artists.",1  
"The food delivery app is user-friendly and offers a wide variety of restaurants to choose from.", 1
"I was disappointed with the long delivery time and cold food.", 0
"The hotel room was clean and comfortable, with excellent room service.", 1
"I found the hotel's parking policy to be inconvenient and overpriced.", 0
"The new treadmill at the gym is high-quality and easy to use.", 1
"The exercise bike was outdated and didn't provide an effective workout.", 0
"The online course was engaging and provided valuable knowledge on the subject.", 1
"I found the course materials to be disorganized and difficult to follow.", 0
"The customer support team was responsive and helped resolve my issue quickly.", 1
"I was frustrated with the long wait time and unhelpful customer service representative.", 0
"The blender's motor burns out after just a few uses, making it practically useless.",0
"The air purifier is exceptionally quiet and effective, significantly improving the air quality in my room.",1
"The new smart home app is confusing and often fails to connect to devices.",0
"The cooking class was enlightening, providing both traditional and modern culinary techniques.",1
"I was frustrated by the lack of customer support for this product; they never responded to my inquiries.",0
"This robot vacuum has made cleaning effortless with its smart mapping and scheduling.",1
"The mattress was advertised as firm, but it's too soft and doesn't provide good back support.",0
"The children's book series not only entertains but also educates with its vibrant illustrations and engaging stories.",1
"The online course was poorly structured, with outdated content and no interaction.",0
"The fitness tracker accurately monitors my steps and sleep patterns, motivating me to maintain my health goals.",1
"The printer jams constantly, making it more trouble than it's worth.",0
"The meditation app has soothing sounds and guided sessions that really help with stress relief.",1
"The battery life on these earbuds is terrible, barely lasting an hour on a full charge.",0
"The language learning software is intuitive, engaging, and teaches effectively through real-life scenarios.",1
"I was unimpressed with the durability of the suitcase; the handle broke during my first trip.",0
"The new ergonomic chair adjusts perfectly to my body, reducing back pain during long work hours.",1
"The streaming service has a frustratingly small selection of movies and frequent buffering issues.",0
"The gardening workshop was fantastic, offering hands-on experience and expert advice.",1
"The smart lock system is glitchy; it often fails to recognize my fingerprint or code.",0
"The solar-powered lights for my garden are bright, long-lasting, and environmentally friendly.",1
"The coffee maker is too noisy and disrupts the morning routine.",0 
"The seminar on leadership was inspiring and provided actionable advice.",1 
"I wasn't happy with the smartwatch; the battery life is terrible.",0 
"The vacation resort exceeded my expectations with its beautiful views and amenities.",1 
"The app is glitchy and often freezes, making it frustrating to use.",0 
"The cooking class was amazing; I learned new recipes and techniques.",1 
"The delivery service is always late and the food is cold by the time it arrives.",0 
"The hybrid car delivers impressive fuel efficiency and a smooth ride.",1 
"The smart speaker has poor sound quality and limited voice recognition.",0 
"The webinar on digital marketing was informative and well-presented.",1 
"I was underwhelmed by the customer service at the bank; they were unhelpful.",0 
"The new phone has a fantastic camera and fast processing speed.",1 
"The online course was a waste of money; the content was outdated.",0
"The restaurant's service was slow, and the food quality was disappointing.",0
"The online course was engaging and provided a lot of useful resources.",1
"The smartphone's battery life is impressive and lasts all day.",1
"The customer support was unhelpful and did not resolve my issue.",0
"The book was a quick read and provided valuable insights.",1
"The fitness program is well-structured and has helped me achieve my goals.",1
"The streaming service has frequent buffering issues, making it frustrating to use.",0
"The museum exhibit was fascinating and well-curated.",1
"The furniture arrived damaged and the company was slow to respond.",0
"The hiking trail was well-marked and offered beautiful views.",1
"The new software update has fixed many of the previous bugs.",1
"The car's interior is uncomfortable and the seats lack support.",0
"The concert was an amazing experience with fantastic acoustics.",1
"The apartment's location is convenient, but the building is poorly maintained.",0
"The skincare product left my skin feeling refreshed and hydrated.",1
"The online shopping platform is user-friendly and has a wide selection of products.",1
"The public transportation system is unreliable and often delayed.",0
"The coffee shop has a cozy atmosphere and serves excellent coffee.",1
"The mobile app is intuitive and makes it easy to manage my finances.",1
"The park has well-maintained facilities and plenty of space for activities.",1
"The new policy has streamlined our processes and improved efficiency.",1
"The smartphone's camera takes high-quality photos, even in low light.",1
"The gym's equipment is outdated and frequently breaks down.",0
"The online marketplace has a lot of counterfeit products, which is a concern.",0
"The hotel room was clean and the staff were very friendly.",1
"The fitness tracker is inaccurate and often loses connection.",0
"The new restaurant in town has a unique menu and excellent service.",1
"The city's public parks are well-maintained and offer plenty of green spaces.",1
"The apartment complex has strict rules that are enforced unfairly.",0
"The e-reader has a long battery life and is very lightweight.",1
"The car's fuel efficiency is poor, making it expensive to operate.",0
"The local library has a vast collection of books and resources.",1
"The new smartphone model is a significant improvement over the previous one.",1
"The online learning platform is slow and often crashes.",0
"The concert tickets were overpriced for the quality of the performance.",0
"The coffee shop's Wi-Fi is unreliable and often disconnected.",0
"The new policy has made our team more productive and motivated.",1
"The online course's quizzes and assignments were challenging and educational.",1
"The fitness program is too basic and doesn't cater to advanced users.",0
"The apartment's rent is reasonable, but the maintenance is poor.",0
"The new tablet's battery life is disappointing and doesn't last long.",0
"The restaurant's atmosphere is cozy, and the staff are very attentive.",1
"The online marketplace has a wide variety of products at competitive prices.",1
"The car's handling is excellent, making it a joy to drive.",1
"The local park's playground is safe and well-maintained.",1
"The new software update has introduced several useful features.",1
"The gym's customer service is unresponsive and unhelpful.",0
"The new book is a page-turner with a compelling plot.",1
"The smartphone's battery drains quickly, even with minimal use.",0
"The fitness tracker has a sleek design and is comfortable to wear.",1
"The local library's events are informative and engaging.",1
"The apartment complex's amenities are outdated and need renovation.",0
"The new smartphone model has a fast processor and runs smoothly.",1
"The online course's content is outdated and lacks practical examples.",0
"The coffee shop's pastries are delicious and freshly baked.",1
"The city's public transportation is efficient and covers a wide area.",1
"The restaurant's menu is diverse and caters to different dietary needs.",1
"The online marketplace's customer support is helpful and responsive.",1
"The car's interior is luxurious and the driving experience is smooth.",1
"The new policy has created unnecessary bureaucracy and slowed down processes.",0
"The fitness program's community is supportive and motivating.",1
"The apartment's location is noisy and disruptive.",0
"The new tablet's display is vibrant and the colors are accurate.",1
"The restaurant's service was friendly and the food was delicious.",1
"The online course's assignments were too difficult and not well-explained.",0
"The gym's facilities are modern and well-equipped.",1
"The smartphone's camera is slow and often takes blurry photos.",0
"The local park's trails are well-maintained and scenic.",1
"The new book is well-researched and provides a deep understanding of the topic.",1
"The coffee shop's ambiance is relaxing and perfect for working.",1
"The city's public transportation is overcrowded during peak hours.",0
"The restaurant's prices are high, but the quality of the food justifies the cost.",1
"The online marketplace has a lot of hidden fees and charges.",0
"The car's fuel efficiency is impressive, making it cost-effective to run.",1
"The new policy has improved transparency and accountability in the company.",1
"The fitness program's workouts are challenging and effective.",1
"The apartment's layout is spacious and well-designed.",1
"The new tablet's battery life is short and requires frequent charging.",0
"The restaurant's menu is limited and overpriced.",0
"The online course's content is engaging and well-structured.",1
"The gym's facilities are clean and the equipment is well-maintained.",1
"The smartphone's battery lasts all day, even with heavy use.",1
"The local park's playground is poorly maintained and unsafe.",0
"The new book is a must-read for anyone interested in the topic.",1
"The coffee shop's Wi-Fi is fast and reliable.",1
"The city's public transportation is punctual and efficient.",1
"The restaurant's service is slow, and the food is overcooked.",0
"The online marketplace's customer support is unhelpful and slow to respond.",0
"The car's handling is poor and makes driving uncomfortable.",0
"The new policy has created a more positive and inclusive work environment.",1
"The fitness program's workouts are too easy and not challenging enough.",0
"The apartment's noise levels are high, making it difficult to relax.",0
"The new tablet's display is sharp and the colors are vivid.",1
"The restaurant's atmosphere is inviting, and the staff are very friendly.",1
"The online course's content is outdated and lacks relevance.",0
"The gym's facilities are outdated and in need of renovation.",0
"The smartphone's camera takes high-quality photos and videos.",1
"The local park's trails are well-marked and scenic.",1
"The new book is a gripping read with well-developed characters.",1
"The coffee shop's pastries are overpriced and not very tasty.",0
"The city's public transportation is clean and well-maintained.",1
"The restaurant's menu is diverse and caters to all tastes.",1
"The online marketplace's customer support is responsive and helpful.",1
"The car's fuel efficiency is poor, making it expensive to operate.",0
"The new policy has streamlined our processes and improved efficiency.",1
"The fitness program's community is supportive and motivating.",1
"The apartment's location is convenient and close to amenities.",1
"The new tablet's battery life is impressive and lasts all day.",1
"The restaurant's service is slow, and the food is overcooked.",0
"The online course's content is engaging and well-structured.",1
"The gym's facilities are clean and the equipment is well-maintained.",1
"The smartphone's camera is slow and often takes blurry photos.",0
"The local park's playground is poorly maintained and unsafe.",0
"The new book is a must-read for anyone interested in the topic.",1
"The coffee shop's Wi-Fi is fast and reliable.",1
"The city's public transportation is punctual and efficient.",1
"The restaurant's service is friendly and the food is delicious.",1
"The online marketplace's customer support is unhelpful and slow to respond.",0
"The car's handling is excellent and makes driving a pleasure.",1
"The new policy has created a more positive and inclusive work environment.",1
"The fitness program's workouts are challenging and effective.",1
"The apartment's layout is spacious and well-designed.",1
"The new tablet's display is sharp and the colors are vivid.",1
"The restaurant's atmosphere is cozy and the staff are very attentive.",1
"The online course's content is outdated and lacks practical examples.",0
"The gym's facilities are modern and well-equipped.",1
"The smartphone's battery drains quickly, even with minimal use.",0
"The local park's trails are well-maintained and scenic.",1
"The new book is well-researched and provides a deep understanding of the topic.",1
"The coffee shop's pastries are delicious and freshly baked.",1
"The city's public transportation is overcrowded during peak hours.",0
"The restaurant's prices are high, but the quality of the food justifies the cost.",1
"The online marketplace has a lot of hidden fees and charges.",0
"The car's fuel efficiency is impressive, making it cost-effective to run.",1
"The new policy has improved transparency and accountability in the company.",1
"The fitness program's community is supportive and motivating.",1
"The apartment's location is noisy and disruptive.",0
"The new tablet's battery life is short and requires frequent charging.",0
"The restaurant's menu is limited and overpriced.",0
"The smartphone's battery drains too quickly, making it inconvenient for daily use.",0
"The online course offered comprehensive content and interactive assignments that enhanced my learning experience.",1
"The restaurant's food was overcooked and lacked flavor, making it a disappointing meal.",0
"The fitness program includes a variety of workouts and nutritional advice, making it a great investment for health.",1
"The streaming service has a limited selection of movies and frequent buffering issues.",0
"The customer support was prompt and helpful, resolving my issues efficiently.",1
"The new software update introduced several bugs that degraded the user experience.",0
"The book provided a deep dive into the subject matter, offering valuable insights and practical advice.",1
"The Wi-Fi router's signal was weak and inconsistent, leading to poor internet connectivity.",0
"The art class inspired creativity and taught me new techniques that I can use in my projects.",1
"The online marketplace has high shipping fees and a confusing user interface.",0
"The virtual event featured engaging presentations and networking opportunities.",1
"The restaurant's customer service was poor, and the food was overcooked.",0 
"The online course provided a comprehensive introduction to the subject matter.",1 
"I was unhappy with the hotel's cleanliness and noisy environment.",0 
"The smartphone's camera takes high-quality photos and has a long-lasting battery.",1 
"The airline's baggage handling was inefficient, and my luggage was lost.",0 
"The yoga instructor was knowledgeable and helped me improve my technique.",1 
"I didn't enjoy the movie due to its predictable plot and poor acting.",0 
"The bookstore has a wide selection of titles and a cozy atmosphere.",1 
"The coffee machine is difficult to use and doesn't produce good coffee.",0 
"The university's career counseling services were helpful in finding a job.",1 
"I was disappointed with the quality of the furniture, it was flimsy and cheap.",0 
"The national park has beautiful scenery and well-marked hiking trails.",1 
"The video game has poor graphics and a boring storyline.",0 
"The language exchange program was a great way to practice my language skills.",1 
"The public transportation system is inefficient and unreliable.",0
"The smartphone's battery life is impressive allowing me to use it all day without worrying about charging.",1
"The online course was poorly structured and the instructor's explanations were confusing.",0
"The restaurant's ambiance was cozy, and the food was delicious. I highly recommend it for a romantic dinner.",1
"The customer support team was unhelpful and didn't resolve my issue. I had to find a solution on my own.",0
"The hiking gear is lightweight and durable, perfect for outdoor adventures.",1
"The novel had an intriguing plot, but the ending felt rushed and unsatisfying.",0
"The virtual reality experience was immersive and entertaining, a great way to spend an afternoon.",1
"The app has too many ads, which makes it frustrating to use.",0
"The art exhibition showcased a diverse range of talented artists, and I was inspired by their creativity.",1
"I had a terrible experience with the online shopping platform. My order never arrived, and their refund process was a hassle.",0
"The yoga retreat was a peaceful and rejuvenating experience, with knowledgeable instructors.",1
"The smart home system is a game-changer, making my daily tasks much more efficient.",1
"The movie's plot was predictable, and the acting was mediocre at best.",0
"The coffee machine is easy to use and brews a perfect cup every time.",1
"I had high expectations for the concert, but the sound quality was poor, and the venue was overcrowded.",0
"The fitness tracker accurately monitors my activities and provides personalized recommendations for improvement.",1
"The restaurant's menu offers a variety of healthy options and caters to dietary restrictions.",1
"The new policy simplifies the process and reduces unnecessary steps, making it more efficient.",1
"The art exhibition showcases innovative works that challenge traditional notions of art.",1
"The language learning software provides interactive lessons and exercises to improve speaking skills.",1
"The community center offers a range of programs and services for people of all ages and backgrounds.",1
"The gardening class teaches participants how to grow their own organic vegetables and herbs.",1
"The financial planning service helps individuals set realistic goals and create a budget.",1
"The yoga studio offers a variety of classes, including beginner and advanced levels.",1
"The local business association provides resources and support for entrepreneurs and small business owners.",1
"The photography workshop teaches participants how to take stunning portraits and landscapes.",1
"The book club discusses a wide range of genres and authors, ensuring something for everyone.",1
"The fitness class combines cardio and strength training for a full-body workout.",1
"The community event promotes cultural exchange and understanding among different communities.",1
"The pottery class teaches participants how to create functional and decorative pieces.",1
"The financial advisor offers personalized investment advice and portfolio management.",1
"The language exchange program connects native speakers with non-native speakers for language practice.",1
"The community garden provides a space for people to grow their own fruits and vegetables.",1
"The art therapy program helps individuals express themselves creatively and cope with challenges.",1
"The cooking class teaches participants how to prepare healthy and delicious meals.",1
"The fitness challenge encourages participants to push themselves and reach their goals.",1
"The local theater company produces high-quality performances and provides opportunities for actors.",1
"The pottery studio offers a creative space for artists to work on their projects.",1
"The astronomy club provides opportunities for members to learn about space and astronomy.",1
"The community choir brings people together through music and performance.",1
"The writing workshop helps participants improve their writing skills and confidence.",1
"The fitness center offers a variety of equipment and classes for a well-rounded workout.",1
"The farmers' market provides a platform for local farmers to sell their fresh produce.",1
"The art gallery features local and international artists, showcasing diverse styles and techniques.",1
"The language learning app offers interactive lessons and exercises for all levels.",1
"The community center provides resources and support for seniors and seniors-to-be.",1
"The gardening class teaches participants how to care for plants and maintain a garden.",1
"The financial planning service helps individuals create a budget and achieve their financial goals.",1
